"CH1_x","CH1_y"
0,-0.6300403226,
1.75,-0.2268145161,
3.5,-0.4284274194,
5.25,-0.1260080645,
7,-0.2772177419,
8.75,-0.2772177419,
10.5,-0.2772177419,
12.25,-0.1764112903,
14,-0.2268145161,
15.75,-0.2772177419,
17.5,-0.0252016129,
19.25,-0.1260080645,
21,-0.1260080645,
22.75,-0.2268145161,
24.5,0.07560483871,
26.25,-0.1260080645,
28,-0.2772177419,
29.75,-0.0252016129,
31.5,-0.07560483871,
33.25,-0.3276209677,
35,-0.07560483871,
36.75,-0.2268145161,
38.5,-0.2268145161,
40.25,-0.1764112903,
42,-0.0252016129,
43.75,-0.2772177419,
45.5,-0.0252016129,
47.25,-0.1764112903,
49,-0.4284274194,
50.75,-0.2772177419,
52.5,-0.529233871,
54.25,-0.1764112903,
56,-0.2268145161,
57.75,-0.529233871,
59.5,-0.3780241935,
61.25,-0.4788306452,
63,-0.3276209677,
64.75,-0.4788306452,
66.5,-0.4284274194,
68.25,-0.3780241935,
70,-0.3780241935,
71.75,-0.3276209677,
73.5,-0.0252016129,
75.25,-0.2772177419,
77,-0.2772177419,
78.75,-0.4284274194,
80.5,-0.1764112903,
82.25,-0.3780241935,
84,-0.3780241935,
85.75,-0.4284274194,
87.5,0.0252016129,
89.25,-0.3276209677,
91,-0.3780241935,
92.75,-0.2772177419,
94.5,-0.1764112903,
96.25,-0.2268145161,
98,-0.3276209677,
99.75,-0.3276209677,
101.5,-0.2772177419,
103.25,-0.3276209677,
105,-0.1260080645,
106.75,-0.1764112903,
108.5,-0.2772177419,
110.25,-0.0252016129,
112,-0.1260080645,
113.75,-0.2268145161,
115.5,-0.0252016129,
117.25,-0.3780241935,
119,-0.0252016129,
120.75,0.07560483871,
122.5,-0.1260080645,
124.25,-0.529233871,
126,-0.1260080645,
127.75,-0.07560483871,
129.5,-0.2268145161,
131.25,-0.3276209677,
133,-0.1764112903,
134.75,-0.1764112903,
136.5,-0.1260080645,
138.25,-0.1260080645,
140,0.0252016129,
141.75,-0.2268145161,
143.5,-0.3780241935,
145.25,-0.1260080645,
147,0.1260080645,
148.75,-0.2268145161,
150.5,-0.07560483871,
152.25,-0.3780241935,
154,-0.1260080645,
155.75,-0.4788306452,
157.5,-0.2772177419,
159.25,-0.3780241935,
161,-0.1260080645,
162.75,-0.4284274194,
164.5,-0.529233871,
166.25,-0.4284274194,
168,-0.6300403226,
169.75,-0.3780241935,
171.5,-0.4788306452,
173.25,-0.4788306452,
175,0.0252016129,
176.75,-0.3780241935,
178.5,-0.4788306452,
180.25,-0.2772177419,
182,-0.529233871,
183.75,-0.0252016129,
185.5,-0.4788306452,
187.25,-0.5796370968,
189,-0.1764112903,
190.75,-0.78125,
192.5,-0.3780241935,
194.25,-0.0252016129,
196,-0.3276209677,
197.75,-0.1764112903,
199.5,-0.4284274194,
201.25,-0.1260080645,
203,-0.4284274194,
204.75,-0.2772177419,
206.5,-0.2268145161,
208.25,-0.1764112903,
210,-0.3276209677,
211.75,-0.2268145161,
213.5,-0.1260080645,
215.25,-0.07560483871,
217,-0.2772177419,
218.75,-0.1260080645,
220.5,0.1764112903,
222.25,0.4284274194,
224,-0.0252016129,
225.75,0.1764112903,
227.5,-0.0252016129,
229.25,0.1764112903,
231,0.1260080645,
232.75,0.07560483871,
234.5,-0.0252016129,
236.25,0.1260080645,
238,-0.0252016129,
239.75,-0.0252016129,
241.5,-0.1260080645,
243.25,-0.3276209677,
245,-0.07560483871,
246.75,-0.07560483871,
248.5,-0.2268145161,
250.25,-0.2772177419,
252,-0.2772177419,
253.75,-0.2268145161,
255.5,-0.4284274194,
257.25,-0.2772177419,
259,-0.4284274194,
260.75,-0.2268145161,
262.5,-0.3780241935,
264.25,-0.3780241935,
266,-0.3276209677,
267.75,-0.5796370968,
269.5,-0.2772177419,
271.25,-0.4788306452,
273,-0.3276209677,
274.75,-0.2268145161,
276.5,-0.3276209677,
278.25,-0.3780241935,
280,-0.529233871,
281.75,-0.6804435484,
283.5,-0.2772177419,
285.25,-0.4788306452,
287,-0.2772177419,
288.75,-0.3276209677,
290.5,-0.3276209677,
292.25,-0.1764112903,
294,-0.1764112903,
295.75,-0.4284274194,
297.5,-0.3276209677,
299.25,-0.529233871,
301,-0.4788306452,
302.75,-0.6804435484,
304.5,-0.3276209677,
306.25,-0.6804435484,
308,-0.5796370968,
309.75,-0.529233871,
311.5,-0.3276209677,
313.25,-0.4788306452,
315,-0.4284274194,
316.75,-0.5796370968,
318.5,-0.3780241935,
320.25,-0.3276209677,
322,-0.4284274194,
323.75,-0.3276209677,
325.5,-0.3276209677,
327.25,-0.3780241935,
329,-0.1260080645,
330.75,-0.3276209677,
332.5,-0.07560483871,
334.25,0.1260080645,
336,-0.07560483871,
337.75,-0.1260080645,
339.5,-0.0252016129,
341.25,-0.2772177419,
343,-0.0252016129,
344.75,-0.1764112903,
346.5,-0.0252016129,
348.25,0.1260080645,
350,0.07560483871,
351.75,-0.07560483871,
353.5,-0.0252016129,
355.25,-0.0252016129,
357,0.07560483871,
358.75,-0.1764112903,
360.5,-0.1260080645,
362.25,-0.3276209677,
364,-0.4284274194,
365.75,-0.1764112903,
367.5,-0.2772177419,
369.25,-0.3780241935,
371,-0.2772177419,
372.75,-0.3780241935,
374.5,-0.4284274194,
376.25,-0.1260080645,
378,-0.3780241935,
379.75,-0.2268145161,
381.5,-0.1260080645,
383.25,-0.2772177419,
385,-0.1260080645,
386.75,-0.2268145161,
388.5,-0.1764112903,
390.25,-0.2772177419,
392,-0.1260080645,
393.75,-0.2268145161,
395.5,-0.1260080645,
397.25,-0.1764112903,
399,-0.1260080645,
400.75,-0.3276209677,
402.5,-0.1764112903,
404.25,-0.1764112903,
406,-0.3780241935,
407.75,-0.529233871,
409.5,-0.2268145161,
411.25,-0.1764112903,
413,-0.1260080645,
414.75,-0.2772177419,
416.5,-0.1260080645,
418.25,-0.4788306452,
420,-0.3276209677,
421.75,-0.0252016129,
423.5,-0.3780241935,
425.25,-0.3276209677,
427,-0.6300403226,
428.75,-0.2772177419,
430.5,-0.2268145161,
432.25,-0.3780241935,
434,-0.1764112903,
435.75,0.0252016129,
437.5,-0.2772177419,
439.25,-0.0252016129,
441,-0.3276209677,
442.75,-0.1764112903,
444.5,0.0252016129,
446.25,-0.2772177419,
448,-0.1764112903,
449.75,-0.3780241935,
451.5,0.07560483871,
453.25,-0.3276209677,
455,-0.2268145161,
456.75,-0.07560483871,
458.5,-0.2772177419,
460.25,-0.2772177419,
462,-0.3276209677,
463.75,-0.1764112903,
465.5,-0.4284274194,
467.25,-0.07560483871,
469,-0.0252016129,
470.75,-0.3780241935,
472.5,-0.0252016129,
474.25,-0.3780241935,
476,-0.07560483871,
477.75,-0.1260080645,
479.5,-0.1260080645,
481.25,0.07560483871,
483,-0.1764112903,
484.75,-0.0252016129,
486.5,-0.3276209677,
488.25,-0.2268145161,
490,-0.2268145161,
491.75,-0.1764112903,
493.5,-0.3276209677,
495.25,0.0252016129,
497,-0.2268145161,
498.75,-0.07560483871,
500.5,-0.1764112903,
502.25,0.07560483871,
504,-0.1260080645,
505.75,-0.3276209677,
507.5,-0.1764112903,
509.25,-0.529233871,
511,0.1260080645,
512.75,-0.3276209677,
514.5,-0.07560483871,
516.25,0.0252016129,
518,-0.2268145161,
519.75,-0.1260080645,
521.5,-0.1260080645,
523.25,0.07560483871,
525,-0.1764112903,
526.75,-0.3780241935,
528.5,-0.1764112903,
530.25,-0.2268145161,
532,-0.3276209677,
533.75,-0.1764112903,
535.5,-0.6300403226,
537.25,-0.1764112903,
539,-0.6804435484,
540.75,-0.4284274194,
542.5,-0.529233871,
544.25,-0.0252016129,
546,-0.2268145161,
547.75,-0.6300403226,
549.5,-0.2268145161,
551.25,-0.4284274194,
553,-0.4284274194,
554.75,-0.1260080645,
556.5,-0.4788306452,
558.25,-0.1764112903,
560,-0.4788306452,
561.75,-0.3276209677,
563.5,-0.2772177419,
565.25,-0.07560483871,
567,-0.1260080645,
568.75,-0.07560483871,
570.5,-0.2772177419,
572.25,0.0252016129,
574,-0.07560483871,
575.75,0.0252016129,
577.5,-0.0252016129,
579.25,-0.3276209677,
581,0.07560483871,
582.75,-0.0252016129,
584.5,0.1764112903,
586.25,-0.1260080645,
588,-0.3276209677,
589.75,-0.0252016129,
591.5,-0.07560483871,
593.25,0.0252016129,
595,-0.3780241935,
596.75,-0.2268145161,
598.5,-0.4284274194,
600.25,-0.3276209677,
602,-0.1764112903,
603.75,-0.2268145161,
605.5,-0.0252016129,
607.25,-0.1764112903,
609,-0.1764112903,
610.75,-0.1764112903,
612.5,-0.3780241935,
614.25,-0.3780241935,
616,-0.2268145161,
617.75,-0.3276209677,
619.5,-0.1764112903,
621.25,-0.529233871,
623,-0.2268145161,
624.75,-0.2268145161,
626.5,-0.2268145161,
628.25,-0.1764112903,
630,-0.1764112903,
631.75,-0.07560483871,
633.5,-0.2772177419,
635.25,-0.2268145161,
637,-0.2772177419,
638.75,-0.0252016129,
640.5,-0.2268145161,
642.25,-0.2268145161,
644,-0.2772177419,
645.75,-0.2268145161,
647.5,-0.1260080645,
649.25,-0.1764112903,
651,-0.3276209677,
652.75,-0.07560483871,
654.5,-0.07560483871,
656.25,-0.2772177419,
658,-0.1764112903,
659.75,-0.2772177419,
661.5,-0.1764112903,
663.25,-0.3276209677,
665,-0.2268145161,
666.75,-0.3276209677,
668.5,-0.07560483871,
670.25,-0.2772177419,
672,0.0252016129,
673.75,-0.2772177419,
675.5,-0.2772177419,
677.25,-0.1764112903,
679,0.0252016129,
680.75,-0.4788306452,
682.5,-0.1260080645,
684.25,-0.1764112903,
686,-0.0252016129,
687.75,0.1764112903,
689.5,-0.1764112903,
691.25,-0.1260080645,
693,0.07560483871,
694.75,-0.3780241935,
696.5,-0.1764112903,
698.25,-0.2772177419,
700,-0.3276209677,
701.75,-0.1260080645,
703.5,-0.1260080645,
705.25,-0.1764112903,
707,-0.2772177419,
708.75,-0.3780241935,
710.5,-0.2268145161,
712.25,-0.2772177419,
714,-0.1764112903,
715.75,-0.4284274194,
717.5,-0.4284274194,
719.25,-0.1764112903,
721,-0.3276209677,
722.75,-0.1764112903,
724.5,-0.3780241935,
726.25,-0.3780241935,
728,-0.3780241935,
729.75,-0.0252016129,
731.5,-0.1260080645,
733.25,-0.07560483871,
735,-0.0252016129,
736.75,-0.3276209677,
738.5,-0.1764112903,
740.25,-0.3780241935,
742,-0.2268145161,
743.75,0.07560483871,
745.5,-0.2772177419,
747.25,0.2268145161,
749,-0.1764112903,
750.75,-0.1764112903,
752.5,-0.1260080645,
754.25,0.0252016129,
756,0.07560483871,
757.75,-0.1260080645,
759.5,-0.2268145161,
761.25,-0.07560483871,
763,-0.2772177419,
764.75,-0.07560483871,
766.5,0.0252016129,
768.25,-0.0252016129,
770,-0.07560483871,
771.75,0.1764112903,
773.5,-0.0252016129,
775.25,-0.0252016129,
777,-0.3276209677,
778.75,-0.2772177419,
780.5,-0.1764112903,
782.25,-0.2268145161,
784,-0.1260080645,
785.75,0.1764112903,
787.5,-0.4284274194,
789.25,-0.1260080645,
791,-0.1260080645,
792.75,-0.07560483871,
794.5,-0.2772177419,
796.25,-0.1764112903,
798,-0.1260080645,
799.75,-0.1260080645,
801.5,-0.3276209677,
803.25,-0.2772177419,
805,-0.2772177419,
806.75,-0.07560483871,
808.5,-0.3780241935,
810.25,-0.1764112903,
812,-0.2268145161,
813.75,-0.3276209677,
815.5,-0.529233871,
817.25,-0.2772177419,
819,-0.0252016129,
820.75,-0.1260080645,
822.5,-0.3780241935,
824.25,-0.1260080645,
826,-0.3276209677,
827.75,-0.4788306452,
829.5,-0.5796370968,
831.25,-0.1260080645,
833,-0.2772177419,
834.75,-0.3780241935,
836.5,-0.07560483871,
838.25,-0.2268145161,
840,-0.1260080645,
841.75,-0.3276209677,
843.5,-0.1260080645,
845.25,-0.2268145161,
847,-0.2268145161,
848.75,-0.1764112903,
850.5,-0.5796370968,
852.25,-0.3780241935,
854,-0.2268145161,
855.75,-0.1260080645,
857.5,-0.4284274194,
859.25,-0.4788306452,
861,-0.529233871,
862.75,-0.2772177419,
864.5,-0.5796370968,
866.25,-0.3276209677,
868,-0.4788306452,
869.75,-0.2772177419,
871.5,-0.2772177419,
873.25,-0.3780241935,
875,-0.0252016129,
876.75,-0.2772177419,
878.5,-0.2268145161,
880.25,0.0252016129,
882,-0.1260080645,
883.75,-0.1260080645,
885.5,-0.2268145161,
887.25,-0.2268145161,
889,-0.07560483871,
890.75,-0.2268145161,
892.5,-0.1260080645,
894.25,-0.1764112903,
896,0.0252016129,
897.75,-0.07560483871,
899.5,-0.2268145161,
901.25,-0.4788306452,
903,-0.3780241935,
904.75,-0.2772177419,
906.5,-0.1764112903,
908.25,-0.4788306452,
910,-0.1764112903,
911.75,-0.4788306452,
913.5,-0.2268145161,
915.25,-0.3276209677,
917,-0.2772177419,
918.75,-0.3276209677,
920.5,-0.1260080645,
922.25,-0.2772177419,
924,-0.2772177419,
925.75,0.07560483871,
927.5,-0.2772177419,
929.25,-0.0252016129,
931,-0.2772177419,
932.75,-0.0252016129,
934.5,-0.07560483871,
936.25,-0.3780241935,
938,-0.2772177419,
939.75,-0.3780241935,
941.5,-0.2268145161,
943.25,-0.4284274194,
945,-0.2772177419,
946.75,-0.2772177419,
948.5,-0.0252016129,
950.25,-0.529233871,
952,-0.1764112903,
953.75,-0.4284274194,
955.5,-0.3780241935,
957.25,-0.1260080645,
959,-0.2268145161,
960.75,-0.4788306452,
962.5,-0.2772177419,
964.25,-0.4788306452,
966,-0.3276209677,
967.75,-0.3780241935,
969.5,-0.3780241935,
971.25,-0.2268145161,
973,-0.1260080645,
974.75,-0.2772177419,
976.5,-0.07560483871,
978.25,-0.1260080645,
980,-0.1764112903,
981.75,-0.07560483871,
983.5,-0.1260080645,
985.25,0.0252016129,
987,0.0252016129,
988.75,-0.2268145161,
990.5,0.1260080645,
992.25,-0.07560483871,
994,-0.0252016129,
995.75,-0.0252016129,
997.5,0.07560483871,
999.25,0.1260080645,
1001,-0.0252016129,
1002.75,-0.1260080645,
1004.5,-0.3276209677,
1006.25,-0.2268145161,
1008,-0.0252016129,
1009.75,-0.1764112903,
1011.5,-0.1764112903,
1013.25,-0.4788306452,
1015,-0.0252016129,
1016.75,-0.3276209677,
1018.5,-0.1260080645,
1020.25,-0.4284274194,
1022,-0.1260080645,
1023.75,-0.5796370968,
1025.5,-0.2772177419,
1027.25,-0.2268145161,
1029,0.07560483871,
1030.75,-0.3276209677,
1032.5,0.1764112903,
1034.25,-0.1260080645,
1036,-0.07560483871,
1037.75,-0.2268145161,
1039.5,-0.0252016129,
1041.25,-0.3780241935,
1043,0.0252016129,
1044.75,-0.1260080645,
1046.5,-0.0252016129,
1048.25,0.07560483871,
1050,-0.0252016129,
1051.75,-0.1764112903,
1053.5,-0.0252016129,
1055.25,-0.07560483871,
1057,-0.3780241935,
1058.75,-0.2268145161,
1060.5,-0.3276209677,
1062.25,-0.3780241935,
1064,-0.1764112903,
1065.75,-0.2268145161,
1067.5,-0.2268145161,
1069.25,-0.2772177419,
1071,-0.07560483871,
1072.75,-0.07560483871,
1074.5,-0.2772177419,
1076.25,-0.3276209677,
1078,-0.4284274194,
1079.75,-0.1260080645,
1081.5,-0.4284274194,
1083.25,-0.07560483871,
1085,-0.4284274194,
1086.75,-0.1260080645,
1088.5,-0.07560483871,
1090.25,-0.2772177419,
1092,0.1260080645,
1093.75,-0.3276209677,
1095.5,-0.2268145161,
1097.25,-0.3276209677,
1099,-0.2268145161,
1100.75,-0.4284274194,
1102.5,-0.5796370968,
1104.25,-0.2772177419,
1106,-0.1764112903,
1107.75,-0.1764112903,
1109.5,-0.1260080645,
1111.25,-0.1764112903,
1113,-0.4284274194,
1114.75,-0.529233871,
1116.5,-0.2772177419,
1118.25,-0.3780241935,
1120,-0.3276209677,
1121.75,-0.4788306452,
1123.5,-0.2772177419,
1125.25,-0.2772177419,
1127,0.0252016129,
1128.75,-0.3276209677,
1130.5,-0.4284274194,
1132.25,0.07560483871,
1134,-0.1764112903,
1135.75,-0.3276209677,
1137.5,-0.0252016129,
1139.25,-0.3780241935,
1141,-0.1260080645,
1142.75,-0.1260080645,
1144.5,-0.07560483871,
1146.25,-0.0252016129,
1148,-0.2772177419,
1149.75,-0.0252016129,
1151.5,-0.1764112903,
1153.25,-0.1260080645,
1155,-0.2772177419,
1156.75,-0.3276209677,
1158.5,-0.3780241935,
1160.25,-0.3780241935,
1162,-0.4284274194,
1163.75,-0.3780241935,
1165.5,-0.1764112903,
1167.25,-0.5796370968,
1169,-0.4284274194,
1170.75,-0.1764112903,
1172.5,-0.3780241935,
1174.25,-0.3780241935,
1176,-0.4788306452,
1177.75,-0.2268145161,
1179.5,-0.4788306452,
1181.25,-0.1260080645,
1183,-0.3276209677,
1184.75,-0.4788306452,
1186.5,-0.4284274194,
1188.25,-0.4284274194,
1190,-0.2772177419,
1191.75,-0.4284274194,
1193.5,-0.3276209677,
1195.25,-0.2268145161,
1197,-0.3276209677,
1198.75,-0.2268145161,
1200.5,-0.1764112903,
1202.25,-0.1260080645,
1204,0.07560483871,
1205.75,-0.1260080645,
1207.5,-0.0252016129,
1209.25,-0.1764112903,
1211,-0.2268145161,
1212.75,-0.0252016129,
1214.5,-0.4788306452,
1216.25,0.07560483871,
1218,-0.07560483871,
1219.75,-0.1764112903,
1221.5,-0.2268145161,
1223.25,-0.2772177419,
1225,-0.1260080645,
1226.75,-0.2772177419,
1228.5,-0.2268145161,
1230.25,-0.1260080645,
1232,0.0252016129,
1233.75,-0.2268145161,
1235.5,-0.4788306452,
1237.25,-0.2268145161,
1239,-0.2772177419,
1240.75,-0.4788306452,
1242.5,-0.3276209677,
1244.25,-0.4788306452,
1246,-0.2772177419,
1247.75,-0.07560483871,
1249.5,-0.3276209677,
1251.25,-0.1260080645,
1253,-0.2268145161,
1254.75,0.1260080645,
1256.5,-0.3276209677,
1258.25,-0.2268145161,
1260,-0.2772177419,
1261.75,-0.2268145161,
1263.5,-0.0252016129,
1265.25,-0.1260080645,
1267,-0.3780241935,
1268.75,-0.1764112903,
1270.5,-0.2772177419,
1272.25,-0.07560483871,
1274,-0.07560483871,
1275.75,-0.1260080645,
1277.5,-0.1764112903,
1279.25,-0.1764112903,
1281,-0.5796370968,
1282.75,-0.1764112903,
1284.5,-0.1764112903,
1286.25,-0.1764112903,
1288,-0.1260080645,
1289.75,-0.2268145161,
1291.5,-0.2268145161,
1293.25,-0.4788306452,
1295,-0.07560483871,
1296.75,-0.3276209677,
1298.5,-0.2268145161,
1300.25,-0.2268145161,
1302,-0.6300403226,
1303.75,-0.1764112903,
1305.5,-0.1764112903,
1307.25,-0.2268145161,
1309,-0.1764112903,
1310.75,-0.2772177419,
1312.5,-0.4788306452,
1314.25,-0.1260080645,
1316,-0.1764112903,
1317.75,-0.2772177419,
1319.5,-0.3276209677,
1321.25,-0.2268145161,
1323,-0.2268145161,
1324.75,-0.0252016129,
1326.5,-0.2268145161,
1328.25,-0.0252016129,
1330,-0.0252016129,
1331.75,-0.2772177419,
1333.5,-0.07560483871,
1335.25,-0.1764112903,
1337,-0.07560483871,
1338.75,-0.2268145161,
1340.5,-0.1764112903,
1342.25,-0.2268145161,
1344,-0.1764112903,
1345.75,-0.4284274194,
1347.5,-0.2268145161,
1349.25,-0.1764112903,
1351,-0.2772177419,
1352.75,-0.2772177419,
1354.5,-0.2772177419,
1356.25,-0.529233871,
1358,-0.1764112903,
1359.75,-0.3780241935,
1361.5,-0.4788306452,
1363.25,-0.1260080645,
1365,-0.2268145161,
1366.75,-0.2268145161,
1368.5,-0.3780241935,
1370.25,-0.3780241935,
1372,-0.2268145161,
1373.75,-0.2772177419,
1375.5,-0.1764112903,
1377.25,-0.1764112903,
1379,0.1764112903,
1380.75,-0.1260080645,
1382.5,-0.1260080645,
1384.25,-0.0252016129,
1386,-0.3276209677,
1387.75,-0.2772177419,
1389.5,-0.1764112903,
1391.25,-0.4284274194,
1393,-0.3780241935,
1394.75,-0.529233871,
1396.5,-0.2268145161,
1398.25,-0.1764112903,
1400,0.07560483871,
1401.75,-0.2268145161,
1403.5,-0.1260080645,
1405.25,-0.1764112903,
1407,-0.2772177419,
1408.75,-0.0252016129,
1410.5,-0.1764112903,
1412.25,-0.2268145161,
1414,-0.2268145161,
1415.75,-0.1260080645,
1417.5,-0.2772177419,
1419.25,-0.3780241935,
1421,-0.3276209677,
1422.75,-0.1260080645,
1424.5,-0.1260080645,
1426.25,-0.1764112903,
1428,-0.1764112903,
1429.75,-0.0252016129,
1431.5,-0.07560483871,
1433.25,-0.1260080645,
1435,-0.2268145161,
1436.75,-0.1260080645,
1438.5,-0.1260080645,
1440.25,-0.1260080645,
1442,-0.2772177419,
1443.75,-0.1260080645,
1445.5,-0.2772177419,
1447.25,-0.3276209677,
1449,-0.2268145161,
1450.75,-0.2268145161,
1452.5,-0.3276209677,
1454.25,-0.1764112903,
1456,-0.3780241935,
1457.75,-0.3276209677,
1459.5,-0.2268145161,
1461.25,-0.1764112903,
1463,-0.4284274194,
1464.75,-0.3276209677,
1466.5,-0.2268145161,
1468.25,-0.3276209677,
1470,0.07560483871,
1471.75,-0.6804435484,
1473.5,-0.2772177419,
1475.25,-0.3276209677,
1477,-0.2772177419,
1478.75,-0.3276209677,
1480.5,-0.1260080645,
1482.25,-0.2772177419,
1484,-0.2268145161,
1485.75,-0.4788306452,
1487.5,-0.1260080645,
1489.25,-0.2268145161,
1491,-0.4284274194,
1492.75,-0.0252016129,
1494.5,-0.2268145161,
1496.25,-0.2268145161,
1498,-0.2268145161,
1499.75,-0.2268145161,
1501.5,-0.1764112903,
1503.25,-0.3780241935,
1505,-0.2268145161,
1506.75,-0.1260080645,
1508.5,-0.2772177419,
1510.25,-0.1260080645,
1512,-0.2268145161,
1513.75,-0.1260080645,
1515.5,-0.4284274194,
1517.25,-0.1764112903,
1519,-0.3780241935,
1520.75,-0.1764112903,
1522.5,-0.4284274194,
1524.25,-0.1260080645,
1526,-0.0252016129,
1527.75,-0.2268145161,
1529.5,-0.07560483871,
1531.25,-0.2268145161,
1533,-0.07560483871,
1534.75,-0.07560483871,
1536.5,-0.0252016129,
1538.25,-0.2268145161,
1540,-0.2772177419,
1541.75,-0.07560483871,
1543.5,-0.2772177419,
1545.25,-0.3780241935,
1547,-0.2268145161,
1548.75,-0.2268145161,
1550.5,-0.3276209677,
1552.25,-0.2268145161,
1554,-0.1260080645,
1555.75,-0.1764112903,
1557.5,-0.3276209677,
1559.25,-0.0252016129,
1561,-0.4284274194,
1562.75,0.1260080645,
1564.5,-0.07560483871,
1566.25,-0.2772177419,
1568,-0.2772177419,
1569.75,0.1764112903,
1571.5,-0.07560483871,
1573.25,0.07560483871,
1575,-0.1764112903,
1576.75,-0.1764112903,
1578.5,-0.0252016129,
1580.25,-0.2772177419,
1582,-0.1260080645,
1583.75,-0.1764112903,
1585.5,-0.07560483871,
1587.25,-0.07560483871,
1589,-0.2772177419,
1590.75,-0.3276209677,
1592.5,-0.1764112903,
1594.25,-0.2268145161,
1596,-0.2772177419,
1597.75,-0.1764112903,
1599.5,-0.3780241935,
1601.25,-0.2772177419,
1603,-0.529233871,
1604.75,-0.3276209677,
1606.5,0.1260080645,
1608.25,-0.3276209677,
1610,-0.1764112903,
1611.75,-0.2268145161,
1613.5,-0.2268145161,
1615.25,-0.4284274194,
1617,-0.6300403226,
1618.75,-0.1764112903,
1620.5,-0.1260080645,
1622.25,-0.3276209677,
1624,-0.4788306452,
1625.75,-0.2772177419,
1627.5,-0.07560483871,
1629.25,-0.2772177419,
1631,-0.2268145161,
1632.75,-0.07560483871,
1634.5,-0.0252016129,
1636.25,-0.3780241935,
1638,-0.1764112903,
1639.75,-0.3276209677,
1641.5,-0.2772177419,
1643.25,-0.07560483871,
1645,-0.529233871,
1646.75,-0.0252016129,
1648.5,-0.2772177419,
1650.25,-0.2772177419,
1652,-0.1764112903,
1653.75,-0.2772177419,
1655.5,-0.2772177419,
1657.25,-0.0252016129,
1659,-0.2772177419,
1660.75,0.2268145161,
1662.5,-0.1764112903,
1664.25,-0.1764112903,
1666,-0.2268145161,
1667.75,-0.07560483871,
1669.5,-0.2268145161,
1671.25,-0.2772177419,
1673,-0.2772177419,
1674.75,-0.2268145161,
1676.5,0.1260080645,
1678.25,-0.1260080645,
1680,-0.07560483871,
1681.75,-0.0252016129,
1683.5,0.0252016129,
1685.25,-0.1764112903,
1687,-0.0252016129,
1688.75,-0.2268145161,
1690.5,-0.2772177419,
1692.25,-0.1764112903,
1694,-0.2268145161,
1695.75,-0.1260080645,
1697.5,-0.1764112903,
1699.25,-0.3780241935,
1701,-0.3276209677,
1702.75,-0.1764112903,
1704.5,-0.4788306452,
1706.25,-0.3276209677,
1708,-0.2268145161,
1709.75,-0.3780241935,
1711.5,-0.3780241935,
1713.25,-0.3276209677,
1715,-0.4284274194,
1716.75,-0.1764112903,
1718.5,-0.2772177419,
1720.25,-0.3780241935,
1722,-0.1764112903,
1723.75,-0.4284274194,
1725.5,-0.1764112903,
1727.25,-0.2772177419,
1729,-0.3780241935,
1730.75,-0.4284274194,
1732.5,-0.2268145161,
1734.25,-0.1260080645,
1736,-0.2268145161,
1737.75,-0.1764112903,
1739.5,-0.4284274194,
1741.25,-0.1764112903,
1743,-0.529233871,
1744.75,-0.07560483871,
1746.5,-0.0252016129,
1748.25,-0.07560483871,
1750,-0.07560483871,
1751.75,-0.2268145161,
1753.5,0.1764112903,
1755.25,-0.2268145161,
1757,-0.07560483871,
1758.75,-0.07560483871,
1760.5,-0.1260080645,
1762.25,-0.0252016129,
1764,-0.1764112903,
1765.75,-0.1260080645,
1767.5,-0.07560483871,
1769.25,-0.2268145161,
1771,0.0252016129,
1772.75,-0.3780241935,
1774.5,-0.1260080645,
1776.25,-0.2772177419,
1778,-0.5796370968,
1779.75,-0.3276209677,
1781.5,-0.2268145161,
1783.25,-0.1260080645,
1785,-0.2772177419,
1786.75,-0.1260080645,
1788.5,-0.5796370968,
1790.25,-0.07560483871,
1792,-0.0252016129,
1793.75,-0.3276209677,
1795.5,-0.3780241935,
1797.25,-0.1260080645,
1799,-0.4284274194,
1800.75,-0.1764112903,
1802.5,-0.07560483871,
1804.25,-0.1260080645,
1806,-0.1764112903,
1807.75,-0.2772177419,
1809.5,-0.1764112903,
1811.25,-0.1260080645,
1813,-0.2772177419,
1814.75,-0.3276209677,
1816.5,-0.4284274194,
1818.25,-0.3780241935,
1820,-0.07560483871,
1821.75,-0.1260080645,
1823.5,-0.1764112903,
1825.25,-0.2772177419,
1827,-0.4284274194,
1828.75,-0.1764112903,
1830.5,-0.2772177419,
1832.25,-0.4788306452,
1834,-0.2268145161,
1835.75,-0.3780241935,
1837.5,-0.4284274194,
1839.25,-0.3276209677,
1841,-0.4284274194,
1842.75,-0.3276209677,
1844.5,-0.4788306452,
1846.25,-0.6300403226,
1848,-0.3276209677,
1849.75,-0.3780241935,
1851.5,-0.3780241935,
1853.25,0.0252016129,
1855,-0.6300403226,
1856.75,0.0252016129,
1858.5,0.0252016129,
1860.25,-0.1764112903,
1862,-0.07560483871,
1863.75,-0.07560483871,
1865.5,0.0252016129,
1867.25,-0.1764112903,
1869,-0.1260080645,
1870.75,-0.2772177419,
1872.5,0.2268145161,
1874.25,0.0252016129,
1876,-0.2772177419,
1877.75,-0.2268145161,
1879.5,-0.1260080645,
1881.25,-0.2268145161,
1883,-0.2268145161,
1884.75,-0.0252016129,
1886.5,-0.5796370968,
1888.25,-0.0252016129,
1890,-0.3276209677,
1891.75,-0.3276209677,
1893.5,-0.07560483871,
1895.25,-0.2772177419,
1897,-0.1764112903,
1898.75,-0.07560483871,
1900.5,-0.4284274194,
1902.25,0.0252016129,
1904,-0.2268145161,
1905.75,-0.4284274194,
1907.5,-0.2772177419,
1909.25,-0.2268145161,
1911,-0.2268145161,
1912.75,-0.1260080645,
1914.5,-0.1764112903,
1916.25,-0.3780241935,
1918,-0.3276209677,
1919.75,-0.2772177419,
1921.5,-0.07560483871,
1923.25,-0.2772177419,
1925,0.0252016129,
1926.75,-0.1764112903,
1928.5,-0.3276209677,
1930.25,-0.2772177419,
1932,-0.1764112903,
1933.75,-0.3780241935,
1935.5,-0.1260080645,
1937.25,-0.4788306452,
1939,-0.4284274194,
1940.75,0.0252016129,
1942.5,-0.1764112903,
1944.25,-0.4284274194,
1946,-0.1764112903,
1947.75,-0.4788306452,
1949.5,-0.1764112903,
1951.25,-0.2268145161,
1953,-0.4284274194,
1954.75,-0.2772177419,
1956.5,-0.3780241935,
1958.25,-0.3780241935,
1960,-0.1260080645,
1961.75,-0.1260080645,
1963.5,-0.2268145161,
1965.25,-0.3276209677,
1967,0.07560483871,
1968.75,-0.0252016129,
1970.5,-0.1260080645,
1972.25,-0.2772177419,
1974,-0.0252016129,
1975.75,-0.2772177419,
1977.5,0.1764112903,
1979.25,-0.0252016129,
1981,-0.1764112903,
1982.75,-0.1764112903,
1984.5,-0.1260080645,
1986.25,-0.2772177419,
1988,-0.1764112903,
1989.75,-0.3780241935,
1991.5,-0.1764112903,
1993.25,-0.3276209677,
1995,-0.3276209677,
1996.75,-0.1764112903,
1998.5,-0.3276209677,
2000.25,-0.2268145161,
2002,-0.1260080645,
2003.75,-0.4284274194,
2005.5,-0.4788306452,
2007.25,-0.4788306452,
2009,-0.07560483871,
2010.75,-0.4284274194,
2012.5,-0.3276209677,
2014.25,-0.1260080645,
2016,-0.2772177419,
2017.75,-0.2772177419,
2019.5,-0.1764112903,
2021.25,-0.4788306452,
2023,-0.2268145161,
2024.75,0.07560483871,
2026.5,-0.4284274194,
2028.25,-0.1260080645,
2030,-0.2772177419,
2031.75,-0.1764112903,
2033.5,-0.1260080645,
2035.25,-0.2268145161,
2037,-0.07560483871,
2038.75,-0.1260080645,
2040.5,-0.3276209677,
2042.25,-0.0252016129,
2044,-0.2772177419,
2045.75,-0.07560483871,
2047.5,-0.6804435484,
2049.25,-0.3276209677,
2051,-0.3780241935,
2052.75,-0.2268145161,
2054.5,-0.2268145161,
2056.25,-0.1764112903,
2058,-0.1260080645,
2059.75,-0.2268145161,
2061.5,-0.529233871,
2063.25,-0.1260080645,
2065,-0.4284274194,
2066.75,-0.1764112903,
2068.5,-0.6804435484,
2070.25,-0.1260080645,
2072,-0.4788306452,
2073.75,0.07560483871,
2075.5,-0.1260080645,
2077.25,-0.2772177419,
2079,0.2268145161,
2080.75,-0.07560483871,
2082.5,-0.07560483871,
2084.25,-0.1764112903,
2086,0.07560483871,
2087.75,-0.0252016129,
2089.5,-0.07560483871,
2091.25,-0.1260080645,
2093,-0.1260080645,
2094.75,-0.529233871,
2096.5,-0.0252016129,
2098.25,-0.4788306452,
2100,-0.2268145161,
2101.75,-0.2772177419,
2103.5,-0.0252016129,
2105.25,-0.2772177419,
2107,-0.1764112903,
2108.75,-0.07560483871,
2110.5,-0.1764112903,
2112.25,-0.1260080645,
2114,-0.2772177419,
2115.75,-0.1764112903,
2117.5,-0.1764112903,
2119.25,-0.1260080645,
2121,-0.3780241935,
2122.75,-0.1764112903,
2124.5,-0.1764112903,
2126.25,-0.1260080645,
2128,-0.1764112903,
2129.75,-0.0252016129,
2131.5,-0.2268145161,
2133.25,-0.1260080645,
2135,-0.1764112903,
2136.75,-0.3780241935,
2138.5,-0.3780241935,
2140.25,-0.2772177419,
2142,-0.0252016129,
2143.75,-0.5796370968,
2145.5,-0.07560483871,
2147.25,-0.2268145161,
2149,-0.3276209677,
2150.75,-0.4788306452,
2152.5,-0.3276209677,
2154.25,-0.2772177419,
2156,-0.5796370968,
2157.75,-0.3780241935,
2159.5,-0.529233871,
2161.25,-0.1260080645,
2163,-0.3780241935,
2164.75,-0.4284274194,
2166.5,-0.2268145161,
2168.25,-0.1764112903,
2170,-0.4284274194,
2171.75,-0.529233871,
2173.5,-0.1764112903,
2175.25,-0.2772177419,
2177,-0.07560483871,
2178.75,-0.529233871,
2180.5,-0.1764112903,
2182.25,-0.1260080645,
2184,0.1764112903,
2185.75,-0.1260080645,
2187.5,-0.0252016129,
2189.25,-0.0252016129,
2191,-0.07560483871,
2192.75,-0.0252016129,
2194.5,-0.2772177419,
2196.25,-0.3276209677,
2198,-0.07560483871,
2199.75,-0.3780241935,
2201.5,-0.3276209677,
2203.25,-0.4284274194,
2205,-0.0252016129,
2206.75,-0.78125,
2208.5,-0.3276209677,
2210.25,-0.1260080645,
2212,-0.3780241935,
2213.75,-0.2772177419,
2215.5,-0.4284274194,
2217.25,-0.07560483871,
2219,-0.4788306452,
2220.75,-0.5796370968,
2222.5,-0.2772177419,
2224.25,-0.2268145161,
2226,-0.07560483871,
2227.75,-0.1260080645,
2229.5,-0.07560483871,
2231.25,-0.1764112903,
2233,-0.0252016129,
2234.75,-0.529233871,
2236.5,0.0252016129,
2238.25,-0.2772177419,
2240,-0.2268145161,
2241.75,-0.1764112903,
2243.5,-0.3276209677,
2245.25,-0.1260080645,
2247,-0.529233871,
2248.75,0.2268145161,
2250.5,-0.3276209677,
2252.25,-0.1764112903,
2254,-0.2268145161,
2255.75,-0.2268145161,
2257.5,0.1260080645,
2259.25,-0.1764112903,
2261,-0.2772177419,
2262.75,-0.2772177419,
2264.5,-0.2772177419,
2266.25,-0.3276209677,
2268,-0.1260080645,
2269.75,0.0252016129,
2271.5,-0.1260080645,
2273.25,-0.2772177419,
2275,-0.2772177419,
2276.75,-0.1260080645,
2278.5,-0.2772177419,
2280.25,-0.3780241935,
2282,-0.0252016129,
2283.75,-0.4284274194,
2285.5,-0.2772177419,
2287.25,0.07560483871,
2289,-0.2268145161,
2290.75,-0.3780241935,
2292.5,-0.4284274194,
2294.25,-0.3780241935,
2296,-0.2268145161,
2297.75,-0.07560483871,
2299.5,-0.2772177419,
2301.25,-0.2772177419,
2303,-0.0252016129,
2304.75,-0.0252016129,
2306.5,-0.07560483871,
2308.25,-0.0252016129,
2310,-0.1260080645,
2311.75,-0.2268145161,
2313.5,-0.2772177419,
2315.25,-0.3780241935,
2317,0.07560483871,
2318.75,-0.2268145161,
2320.5,-0.1260080645,
2322.25,-0.2268145161,
2324,-0.2772177419,
2325.75,-0.1764112903,
2327.5,-0.1764112903,
2329.25,-0.2772177419,
2331,-0.2268145161,
2332.75,-0.07560483871,
2334.5,-0.3780241935,
2336.25,0.1764112903,
2338,-0.529233871,
2339.75,0.1260080645,
2341.5,-0.2772177419,
2343.25,-0.2268145161,
2345,-0.1260080645,
2346.75,-0.3780241935,
2348.5,-0.4284274194,
2350.25,-0.2268145161,
2352,-0.4788306452,
2353.75,-0.2268145161,
2355.5,-0.4788306452,
2357.25,-0.2268145161,
2359,-0.2772177419,
2360.75,-0.3780241935,
2362.5,-0.2772177419,
2364.25,-0.3780241935,
2366,-0.4788306452,
2367.75,-0.4284274194,
2369.5,-0.3276209677,
2371.25,-0.4284274194,
2373,-0.4284274194,
2374.75,-0.4284274194,
2376.5,-0.4284274194,
2378.25,-0.2268145161,
2380,-0.2772177419,
2381.75,0.0252016129,
2383.5,-0.529233871,
2385.25,-0.3276209677,
2387,-0.07560483871,
2388.75,-0.07560483871,
2390.5,-0.2772177419,
2392.25,-0.3276209677,
2394,0.0252016129,
2395.75,-0.1260080645,
2397.5,-0.1260080645,
2399.25,0.1260080645,
2401,-0.529233871,
2402.75,-0.0252016129,
2404.5,0.07560483871,
2406.25,0.2268145161,
2408,-0.1764112903,
2409.75,-0.1764112903,
2411.5,0.07560483871,
2413.25,0.1260080645,
2415,-0.0252016129,
2416.75,-0.1764112903,
2418.5,0.07560483871,
2420.25,-0.2268145161,
2422,-0.1764112903,
2423.75,0.1764112903,
2425.5,-0.2268145161,
2427.25,-0.07560483871,
2429,-0.07560483871,
2430.75,-0.1764112903,
2432.5,-0.1260080645,
2434.25,-0.3276209677,
2436,-0.2268145161,
2437.75,-0.2268145161,
2439.5,-0.1260080645,
2441.25,-0.4788306452,
2443,-0.2268145161,
2444.75,0.0252016129,
2446.5,-0.4284274194,
2448.25,-0.2268145161,
2450,-0.2268145161,
2451.75,-0.1260080645,
2453.5,-0.1260080645,
2455.25,-0.2772177419,
2457,-0.07560483871,
2458.75,-0.2772177419,
2460.5,-0.1764112903,
2462.25,-0.07560483871,
2464,-0.2772177419,
2465.75,-0.1260080645,
2467.5,-0.2268145161,
2469.25,-0.3780241935,
2471,-0.1260080645,
2472.75,-0.3780241935,
2474.5,-0.2772177419,
2476.25,-0.2268145161,
2478,-0.0252016129,
2479.75,-0.3276209677,
2481.5,-0.07560483871,
2483.25,-0.2772177419,
2485,-0.0252016129,
2486.75,-0.07560483871,
2488.5,-0.07560483871,
2490.25,-0.3276209677,
2492,-0.1260080645,
2493.75,-0.2268145161,
2495.5,-0.1764112903,
2497.25,-0.1260080645,
2499,-0.2772177419,
2500.75,-0.07560483871,
2502.5,-0.07560483871,
2504.25,-0.1764112903,
2506,-0.3276209677,
2507.75,-0.1260080645,
2509.5,-0.1260080645,
2511.25,-0.0252016129,
2513,0.0252016129,
2514.75,0.1260080645,
2516.5,-0.2268145161,
2518.25,0.1260080645,
2520,0.07560483871,
2521.75,-0.1260080645,
2523.5,-0.07560483871,
2525.25,-0.3276209677,
2527,0.1260080645,
2528.75,-0.2268145161,
2530.5,-0.07560483871,
2532.25,-0.2772177419,
2534,-0.07560483871,
2535.75,-0.0252016129,
2537.5,-0.2268145161,
2539.25,-0.2268145161,
2541,-0.1764112903,
2542.75,-0.3276209677,
2544.5,-0.3276209677,
2546.25,-0.4788306452,
2548,0.1260080645,
2549.75,-0.1764112903,
2551.5,-0.1764112903,
2553.25,-0.4284274194,
2555,-0.4284274194,
2556.75,-0.2772177419,
2558.5,-0.4284274194,
2560.25,-0.2772177419,
2562,-0.3276209677,
2563.75,-0.3780241935,
2565.5,-0.1260080645,
2567.25,-0.5796370968,
2569,-0.3780241935,
2570.75,-0.3276209677,
2572.5,-0.4284274194,
2574.25,-0.2772177419,
2576,-0.2268145161,
2577.75,-0.4284274194,
2579.5,-0.0252016129,
2581.25,-0.2772177419,
2583,-0.4284274194,
2584.75,-0.2772177419,
2586.5,-0.2772177419,
2588.25,-0.2772177419,
2590,-0.0252016129,
2591.75,-0.07560483871,
2593.5,-0.2268145161,
2595.25,-0.2268145161,
2597,-0.1260080645,
2598.75,-0.2268145161,
2600.5,-0.4284274194,
2602.25,0.1260080645,
2604,-0.07560483871,
2605.75,-0.1764112903,
2607.5,-0.2772177419,
2609.25,0.0252016129,
2611,-0.0252016129,
2612.75,0.1260080645,
2614.5,-0.2268145161,
2616.25,0.1260080645,
2618,-0.2772177419,
2619.75,-0.07560483871,
2621.5,-0.1260080645,
2623.25,0.0252016129,
2625,-0.4284274194,
2626.75,0.07560483871,
2628.5,-0.2268145161,
2630.25,-0.2772177419,
2632,-0.0252016129,
2633.75,-0.1764112903,
2635.5,-0.0252016129,
2637.25,-0.2772177419,
2639,-0.2772177419,
2640.75,-0.1764112903,
2642.5,-0.07560483871,
2644.25,-0.1260080645,
2646,-0.2268145161,
2647.75,-0.4788306452,
2649.5,-0.07560483871,
2651.25,-0.2268145161,
2653,-0.2268145161,
2654.75,-0.3276209677,
2656.5,-0.3780241935,
2658.25,-0.07560483871,
2660,-0.07560483871,
2661.75,-0.2268145161,
2663.5,-0.2268145161,
2665.25,-0.2268145161,
2667,0.07560483871,
2668.75,-0.3780241935,
2670.5,-0.3276209677,
2672.25,-0.3276209677,
2674,-0.1260080645,
2675.75,-0.2772177419,
2677.5,-0.4284274194,
2679.25,-0.2268145161,
2681,-0.2772177419,
2682.75,-0.1764112903,
2684.5,-0.1764112903,
2686.25,-0.1260080645,
2688,-0.4788306452,
2689.75,-0.1764112903,
2691.5,-0.4284274194,
2693.25,-0.2772177419,
2695,-0.3780241935,
2696.75,-0.4788306452,
2698.5,-0.4788306452,
2700.25,-0.5796370968,
2702,-0.3780241935,
2703.75,-0.3276209677,
2705.5,-0.2772177419,
2707.25,-0.1260080645,
2709,-0.2772177419,
2710.75,-0.1764112903,
2712.5,-0.0252016129,
2714.25,-0.3276209677,
2716,-0.1260080645,
2717.75,-0.1260080645,
2719.5,-0.1764112903,
2721.25,-0.07560483871,
2723,-0.07560483871,
2724.75,-0.1764112903,
2726.5,-0.3276209677,
2728.25,-0.07560483871,
2730,-0.1764112903,
2731.75,0.0252016129,
2733.5,-0.0252016129,
2735.25,-0.2772177419,
2737,-0.2268145161,
2738.75,-0.4788306452,
2740.5,-0.3780241935,
2742.25,-0.3780241935,
2744,-0.1764112903,
2745.75,-0.2268145161,
2747.5,-0.07560483871,
2749.25,-0.1764112903,
2751,-0.2268145161,
2752.75,-0.1764112903,
2754.5,-0.2268145161,
2756.25,-0.1260080645,
2758,0.07560483871,
2759.75,-0.4788306452,
2761.5,-0.07560483871,
2763.25,-0.2772177419,
2765,-0.07560483871,
2766.75,-0.529233871,
2768.5,-0.1260080645,
2770.25,-0.2268145161,
2772,-0.0252016129,
2773.75,0.07560483871,
2775.5,-0.2772177419,
2777.25,0.07560483871,
2779,-0.3276209677,
2780.75,-0.1260080645,
2782.5,-0.07560483871,
2784.25,-0.4788306452,
2786,-0.1764112903,
2787.75,-0.1764112903,
2789.5,-0.3276209677,
2791.25,-0.4284274194,
2793,-0.2268145161,
2794.75,-0.3276209677,
2796.5,-0.2772177419,
2798.25,-0.4284274194,
2800,-0.2772177419,
2801.75,-0.2772177419,
2803.5,-0.529233871,
2805.25,-0.4284274194,
2807,-0.1260080645,
2808.75,-0.1764112903,
2810.5,-0.0252016129,
2812.25,-0.3780241935,
2814,-0.0252016129,
2815.75,-0.0252016129,
2817.5,-0.2268145161,
2819.25,0.1260080645,
2821,-0.0252016129,
2822.75,0.1260080645,
2824.5,-0.0252016129,
2826.25,0.0252016129,
2828,0.1260080645,
2829.75,-0.0252016129,
2831.5,0.1260080645,
2833.25,-0.0252016129,
2835,0.0252016129,
2836.75,-0.1764112903,
2838.5,0.1260080645,
2840.25,0.1260080645,
2842,-0.2268145161,
2843.75,0.07560483871,
2845.5,-0.2268145161,
2847.25,-0.2268145161,
2849,-0.1260080645,
2850.75,-0.1764112903,
2852.5,-0.3276209677,
2854.25,-0.1764112903,
2856,-0.2772177419,
2857.75,-0.0252016129,
2859.5,-0.3276209677,
2861.25,0.07560483871,
2863,-0.1764112903,
2864.75,-0.1764112903,
2866.5,-0.529233871,
2868.25,-0.2268145161,
2870,-0.1764112903,
2871.75,0.1764112903,
2873.5,0.07560483871,
2875.25,-0.3780241935,
2877,-0.1764112903,
2878.75,0.0252016129,
2880.5,-0.1260080645,
2882.25,-0.2772177419,
2884,-0.1764112903,
2885.75,-0.4788306452,
2887.5,-0.2772177419,
2889.25,-0.4284274194,
2891,-0.3276209677,
2892.75,-0.529233871,
2894.5,-0.2772177419,
2896.25,-0.5796370968,
2898,-0.6804435484,
2899.75,-0.529233871,
2901.5,-0.78125,
2903.25,-0.529233871,
2905,-0.2772177419,
2906.75,-0.3780241935,
2908.5,-0.3780241935,
2910.25,-0.3276209677,
2912,-0.529233871,
2913.75,-0.2772177419,
2915.5,-0.2268145161,
2917.25,-0.3780241935,
2919,-0.3276209677,
2920.75,-0.3276209677,
2922.5,-0.4284274194,
2924.25,-0.07560483871,
2926,-0.2268145161,
2927.75,-0.0252016129,
2929.5,-0.0252016129,
2931.25,-0.07560483871,
2933,-0.0252016129,
2934.75,-0.2772177419,
2936.5,-0.4284274194,
2938.25,-0.1260080645,
2940,-0.2268145161,
2941.75,-0.3276209677,
2943.5,-0.2268145161,
2945.25,-0.2268145161,
2947,-0.1764112903,
2948.75,0.0252016129,
2950.5,-0.07560483871,
2952.25,-0.1764112903,
2954,0.1260080645,
2955.75,-0.07560483871,
2957.5,-0.0252016129,
2959.25,0.07560483871,
2961,-0.3780241935,
2962.75,-0.3276209677,
2964.5,-0.0252016129,
2966.25,-0.1764112903,
2968,-0.0252016129,
2969.75,-0.1764112903,
2971.5,-0.4284274194,
2973.25,-0.2268145161,
2975,-0.2268145161,
2976.75,0.1260080645,
2978.5,-0.1764112903,
2980.25,-0.2772177419,
2982,0.07560483871,
2983.75,-0.2268145161,
2985.5,-0.1260080645,
2987.25,0.1764112903,
2989,-0.3276209677,
2990.75,-0.1764112903,
2992.5,-0.07560483871,
2994.25,-0.1764112903,
2996,-0.3780241935,
2997.75,-0.07560483871,
2999.5,-0.07560483871,
3001.25,-0.1260080645,
3003,-0.0252016129,
3004.75,-0.1764112903,
3006.5,-0.07560483871,
3008.25,-0.0252016129,
3010,-0.2268145161,
3011.75,-0.2268145161,
3013.5,-0.0252016129,
3015.25,-0.07560483871,
3017,-0.1764112903,
3018.75,-0.2268145161,
3020.5,-0.2772177419,
3022.25,-0.1764112903,
3024,-0.1260080645,
3025.75,-0.2772177419,
3027.5,-0.2268145161,
3029.25,-0.2268145161,
3031,-0.3276209677,
3032.75,-0.2772177419,
3034.5,-0.3276209677,
3036.25,-0.1260080645,
3038,-0.1260080645,
3039.75,-0.2772177419,
3041.5,-0.07560483871,
3043.25,-0.1764112903,
3045,0.07560483871,
3046.75,-0.2772177419,
3048.5,-0.4284274194,
3050.25,0.0252016129,
3052,-0.1764112903,
3053.75,-0.3276209677,
3055.5,-0.0252016129,
3057.25,-0.07560483871,
3059,-0.3276209677,
3060.75,-0.0252016129,
3062.5,-0.4284274194,
3064.25,-0.1764112903,
3066,-0.2772177419,
3067.75,-0.1260080645,
3069.5,-0.1764112903,
3071.25,0.07560483871,
3073,-0.3276209677,
3074.75,-0.4284274194,
3076.5,-0.2268145161,
3078.25,-0.2772177419,
3080,-0.2772177419,
3081.75,-0.0252016129,
3083.5,-0.07560483871,
3085.25,-0.1764112903,
3087,-0.2772177419,
3088.75,-0.07560483871,
3090.5,-0.2268145161,
3092.25,-0.4284274194,
3094,-0.2772177419,
3095.75,-0.1764112903,
3097.5,-0.3276209677,
3099.25,-0.2772177419,
3101,-0.3276209677,
3102.75,-0.1260080645,
3104.5,-0.2772177419,
3106.25,-0.1764112903,
3108,-0.3276209677,
3109.75,-0.3276209677,
3111.5,-0.3276209677,
3113.25,-0.3780241935,
3115,-0.07560483871,
3116.75,-0.1764112903,
3118.5,-0.2268145161,
3120.25,-0.07560483871,
3122,-0.2772177419,
3123.75,-0.07560483871,
3125.5,-0.3276209677,
3127.25,-0.2268145161,
3129,-0.07560483871,
3130.75,0.07560483871,
3132.5,-0.07560483871,
3134.25,-0.07560483871,
3136,-0.07560483871,
3137.75,-0.1260080645,
3139.5,-0.07560483871,
3141.25,-0.2772177419,
3143,-0.4284274194,
3144.75,-0.1260080645,
3146.5,-0.2772177419,
3148.25,-0.3276209677,
3150,-0.1764112903,
3151.75,-0.1764112903,
3153.5,-0.2772177419,
3155.25,-0.2268145161,
3157,-0.1260080645,
3158.75,-0.2772177419,
3160.5,0.0252016129,
3162.25,-0.1260080645,
3164,-0.3780241935,
3165.75,-0.07560483871,
3167.5,-0.2268145161,
3169.25,-0.0252016129,
3171,-0.4788306452,
3172.75,-0.1764112903,
3174.5,-0.1260080645,
3176.25,-0.2772177419,
3178,-0.2268145161,
3179.75,-0.3276209677,
3181.5,-0.0252016129,
3183.25,-0.3276209677,
3185,0.07560483871,
3186.75,-0.1764112903,
3188.5,-0.3780241935,
3190.25,0.0252016129,
3192,-0.3780241935,
3193.75,-0.3276209677,
3195.5,-0.3276209677,
3197.25,-0.1260080645,
3199,-0.2772177419,
3200.75,-0.2772177419,
3202.5,-0.0252016129,
3204.25,-0.0252016129,
3206,-0.0252016129,
3207.75,-0.3276209677,
3209.5,-0.07560483871,
3211.25,-0.1260080645,
3213,-0.2268145161,
3214.75,-0.2772177419,
3216.5,-0.0252016129,
3218.25,-0.07560483871,
3220,-0.1260080645,
3221.75,-0.2268145161,
3223.5,-0.1260080645,
3225.25,-0.1260080645,
3227,-0.2772177419,
3228.75,-0.2268145161,
3230.5,-0.1260080645,
3232.25,-0.0252016129,
3234,-0.07560483871,
3235.75,-0.2268145161,
3237.5,-0.4284274194,
3239.25,-0.4788306452,
3241,-0.2268145161,
3242.75,-0.2268145161,
3244.5,-0.529233871,
3246.25,-0.1764112903,
3248,-0.3276209677,
3249.75,-0.2772177419,
3251.5,-0.3276209677,
3253.25,-0.2268145161,
3255,-0.4284274194,
3256.75,-0.2268145161,
3258.5,-0.4284274194,
3260.25,-0.2268145161,
3262,-0.4284274194,
3263.75,-0.3276209677,
3265.5,-0.07560483871,
3267.25,-0.1764112903,
3269,-0.4284274194,
3270.75,-0.1764112903,
3272.5,0.1764112903,
3274.25,-0.2268145161,
3276,-0.3276209677,
3277.75,-0.07560483871,
3279.5,-0.1764112903,
3281.25,-0.1260080645,
3283,-0.2268145161,
3284.75,0.1260080645,
3286.5,-0.1764112903,
3288.25,0.0252016129,
3290,0.07560483871,
3291.75,-0.07560483871,
3293.5,-0.1260080645,
3295.25,-0.2268145161,
3297,-0.2268145161,
3298.75,-0.0252016129,
3300.5,-0.0252016129,
3302.25,-0.2268145161,
3304,-0.3276209677,
3305.75,-0.07560483871,
3307.5,-0.1260080645,
3309.25,-0.07560483871,
3311,-0.2772177419,
3312.75,-0.0252016129,
3314.5,-0.2772177419,
3316.25,-0.4788306452,
3318,-0.2268145161,
3319.75,-0.2772177419,
3321.5,-0.529233871,
3323.25,-0.2268145161,
3325,-0.1764112903,
3326.75,-0.2772177419,
3328.5,-0.1764112903,
3330.25,-0.2268145161,
3332,-0.2268145161,
3333.75,-0.3276209677,
3335.5,-0.3276209677,
3337.25,-0.4284274194,
3339,-0.0252016129,
3340.75,-0.1764112903,
3342.5,-0.2268145161,
3344.25,-0.529233871,
3346,-0.0252016129,
3347.75,-0.4788306452,
3349.5,-0.0252016129,
3351.25,-0.4284274194,
3353,-0.07560483871,
3354.75,-0.0252016129,
3356.5,-0.3780241935,
3358.25,-0.2268145161,
3360,-0.3780241935,
3361.75,-0.2772177419,
3363.5,-0.0252016129,
3365.25,-0.3276209677,
3367,-0.2268145161,
3368.75,-0.3780241935,
3370.5,-0.1260080645,
3372.25,-0.2772177419,
3374,-0.4788306452,
3375.75,-0.0252016129,
3377.5,0.07560483871,
3379.25,-0.2772177419,
3381,-0.3276209677,
3382.75,-0.1260080645,
3384.5,-0.07560483871,
3386.25,0.07560483871,
3388,-0.2268145161,
3389.75,-0.1764112903,
3391.5,-0.2772177419,
3393.25,0.07560483871,
3395,-0.07560483871,
3396.75,-0.1260080645,
3398.5,-0.1260080645,
3400.25,-0.07560483871,
3402,-0.2772177419,
3403.75,-0.0252016129,
3405.5,-0.4284274194,
3407.25,-0.1764112903,
3409,-0.0252016129,
3410.75,-0.2772177419,
3412.5,-0.3276209677,
3414.25,0.07560483871,
3416,-0.2772177419,
3417.75,-0.3276209677,
3419.5,-0.3276209677,
3421.25,-0.1764112903,
3423,-0.2268145161,
3424.75,-0.2268145161,
3426.5,-0.1260080645,
3428.25,0.07560483871,
3430,-0.3780241935,
3431.75,-0.2268145161,
3433.5,-0.3276209677,
3435.25,-0.07560483871,
3437,-0.2772177419,
3438.75,-0.3780241935,
3440.5,-0.1260080645,
3442.25,-0.4284274194,
3444,-0.3276209677,
3445.75,-0.4788306452,
3447.5,-0.4284274194,
3449.25,-0.2268145161,
3451,-0.4284274194,
3452.75,-0.5796370968,
3454.5,-0.4284274194,
3456.25,-0.4788306452,
3458,-0.2772177419,
3459.75,-0.0252016129,
3461.5,-0.4284274194,
3463.25,-0.3276209677,
3465,-0.07560483871,
3466.75,-0.4284274194,
3468.5,-0.07560483871,
3470.25,-0.2772177419,
3472,-0.2268145161,
3473.75,-0.07560483871,
3475.5,-0.4284274194,
3477.25,-0.2268145161,
3479,-0.529233871,
3480.75,-0.2268145161,
3482.5,-0.4788306452,
3484.25,-0.2772177419,
3486,-0.1260080645,
3487.75,-0.6804435484,
3489.5,-0.2772177419,
3491.25,-0.4788306452,
3493,-0.4284274194,
3494.75,-0.3276209677,
3496.5,-0.2772177419,
3498.25,-0.2772177419,
3500,-0.3276209677,
3501.75,-0.2268145161,
3503.5,-0.2268145161,
3505.25,0.0252016129,
3507,-0.6300403226,
3508.75,-0.1764112903,
3510.5,-0.2772177419,
3512.25,0.2268145161,
3514,-0.1764112903,
3515.75,-0.3276209677,
3517.5,0.1260080645,
3519.25,-0.07560483871,
3521,-0.2268145161,
3522.75,-0.4284274194,
3524.5,-0.2268145161,
3526.25,0.07560483871,
3528,0.0252016129,
3529.75,-0.1260080645,
3531.5,-0.1260080645,
3533.25,-0.0252016129,
3535,-0.1764112903,
3536.75,-0.1764112903,
3538.5,-0.1260080645,
3540.25,-0.2772177419,
3542,-0.2268145161,
3543.75,-0.0252016129,
3545.5,-0.1764112903,
3547.25,-0.4284274194,
3549,-0.2772177419,
3550.75,-0.1260080645,
3552.5,-0.1260080645,
3554.25,-0.3276209677,
3556,-0.2772177419,
3557.75,-0.3780241935,
3559.5,-0.1764112903,
3561.25,-0.1260080645,
3563,-0.2268145161,
3564.75,-0.4788306452,
3566.5,-0.1260080645,
3568.25,-0.1764112903,
3570,-0.2772177419,
3571.75,-0.2772177419,
3573.5,-0.3780241935,
3575.25,-0.0252016129,
3577,0.07560483871,
3578.75,0.07560483871,
3580.5,-0.3276209677,
3582.25,0.1260080645,
3584,-0.1764112903,
3585.75,-0.1764112903,
3587.5,-0.1764112903,
3589.25,-0.07560483871,
3591,-0.1260080645,
3592.75,-0.4284274194,
3594.5,-0.0252016129,
3596.25,-0.3276209677,
3598,-0.3276209677,
3599.75,-0.1764112903,
3601.5,-0.4284274194,
3603.25,-0.2268145161,
3605,-0.4284274194,
3606.75,-0.2268145161,
3608.5,-0.0252016129,
3610.25,0.07560483871,
3612,-0.3276209677,
3613.75,-0.1764112903,
3615.5,-0.2772177419,
3617.25,-0.2772177419,
3619,-0.1764112903,
3620.75,-0.0252016129,
3622.5,-0.0252016129,
3624.25,-0.3276209677,
3626,-0.1764112903,
3627.75,-0.1764112903,
3629.5,-0.1764112903,
3631.25,-0.2772177419,
3633,-0.4284274194,
3634.75,0.1764112903,
3636.5,-0.2772177419,
3638.25,-0.3780241935,
3640,-0.1764112903,
3641.75,-0.3276209677,
3643.5,-0.2772177419,
3645.25,0.0252016129,
3647,0.1260080645,
3648.75,-0.0252016129,
3650.5,-0.1764112903,
3652.25,-0.2772177419,
3654,-0.07560483871,
3655.75,-0.3276209677,
3657.5,-0.2772177419,
3659.25,-0.2772177419,
3661,-0.1260080645,
3662.75,-0.3780241935,
3664.5,-0.3276209677,
3666.25,-0.0252016129,
3668,-0.529233871,
3669.75,-0.3276209677,
3671.5,-0.4788306452,
3673.25,-0.3780241935,
3675,-0.1764112903,
3676.75,-0.3276209677,
3678.5,-0.3780241935,
3680.25,-0.1260080645,
3682,-0.4284274194,
3683.75,-0.2772177419,
3685.5,-0.2268145161,
3687.25,-0.0252016129,
3689,-0.1764112903,
3690.75,-0.1764112903,
3692.5,-0.2268145161,
3694.25,-0.3780241935,
3696,-0.1764112903,
3697.75,-0.1764112903,
3699.5,-0.1764112903,
3701.25,-0.0252016129,
3703,-0.1764112903,
3704.75,-0.2268145161,
3706.5,-0.1260080645,
3708.25,-0.3276209677,
3710,-0.4284274194,
3711.75,-0.1260080645,
3713.5,-0.2268145161,
3715.25,-0.1764112903,
3717,-0.2772177419,
3718.75,-0.2268145161,
3720.5,-0.1260080645,
3722.25,-0.2268145161,
3724,-0.3276209677,
3725.75,-0.1764112903,
3727.5,-0.3276209677,
3729.25,-0.1764112903,
3731,-0.0252016129,
3732.75,-0.07560483871,
3734.5,-0.2268145161,
3736.25,-0.1764112903,
3738,-0.2268145161,
3739.75,-0.3780241935,
3741.5,-0.3780241935,
3743.25,-0.07560483871,
3745,-0.1260080645,
3746.75,-0.4284274194,
3748.5,-0.3780241935,
3750.25,-0.3276209677,
3752,-0.1764112903,
3753.75,-0.1764112903,
3755.5,-0.4284274194,
3757.25,-0.529233871,
3759,-0.07560483871,
3760.75,-0.1260080645,
3762.5,-0.3276209677,
3764.25,-0.2268145161,
3766,-0.3780241935,
3767.75,-0.3780241935,
3769.5,-0.1260080645,
3771.25,-0.3276209677,
3773,-0.2772177419,
3774.75,-0.2772177419,
3776.5,-0.5796370968,
3778.25,-0.1260080645,
3780,-0.1764112903,
3781.75,-0.4284274194,
3783.5,-0.2772177419,
3785.25,-0.3276209677,
3787,0.0252016129,
3788.75,-0.1764112903,
3790.5,-0.2268145161,
3792.25,0.0252016129,
3794,-0.3780241935,
3795.75,-0.3780241935,
3797.5,-0.1260080645,
3799.25,-0.07560483871,
3801,0.1764112903,
3802.75,-0.1260080645,
3804.5,0.1260080645,
3806.25,-0.1260080645,
3808,-0.1260080645,
3809.75,-0.3276209677,
3811.5,-0.2268145161,
3813.25,-0.0252016129,
3815,-0.4284274194,
3816.75,-0.4284274194,
3818.5,-0.1764112903,
3820.25,-0.3276209677,
3822,-0.07560483871,
3823.75,-0.1260080645,
3825.5,-0.2772177419,
3827.25,-0.2268145161,
3829,-0.1260080645,
3830.75,-0.1764112903,
3832.5,0.1260080645,
3834.25,-0.2772177419,
3836,-0.2268145161,
3837.75,-0.1260080645,
3839.5,0.07560483871,
3841.25,-0.2268145161,
3843,-0.1764112903,
3844.75,0.0252016129,
3846.5,-0.0252016129,
3848.25,-0.07560483871,
3850,-0.3276209677,
3851.75,-0.1764112903,
3853.5,-0.2772177419,
3855.25,-0.2772177419,
3857,-0.0252016129,
3858.75,-0.0252016129,
3860.5,-0.2772177419,
3862.25,0.0252016129,
3864,-0.2772177419,
3865.75,-0.1764112903,
3867.5,-0.1764112903,
3869.25,-0.2268145161,
3871,-0.07560483871,
3872.75,-0.3780241935,
3874.5,-0.0252016129,
3876.25,-0.4284274194,
3878,-0.07560483871,
3879.75,-0.2268145161,
3881.5,-0.1260080645,
3883.25,-0.1260080645,
3885,-0.3276209677,
3886.75,-0.5796370968,
3888.5,-0.3780241935,
3890.25,-0.529233871,
3892,-0.529233871,
3893.75,-0.2772177419,
3895.5,-0.07560483871,
3897.25,-0.6300403226,
3899,-0.3780241935,
3900.75,-0.2268145161,
3902.5,-0.4788306452,
3904.25,-0.0252016129,
3906,-0.2268145161,
3907.75,-0.2268145161,
3909.5,-0.2772177419,
3911.25,-0.1260080645,
3913,0.07560483871,
3914.75,-0.1764112903,
3916.5,-0.07560483871,
3918.25,-0.07560483871,
3920,-0.1260080645,
3921.75,0.07560483871,
3923.5,-0.3276209677,
3925.25,0.1764112903,
3927,-0.07560483871,
3928.75,0.2268145161,
3930.5,0.0252016129,
3932.25,0.1764112903,
3934,0.0252016129,
3935.75,-0.0252016129,
3937.5,0.1764112903,
3939.25,-0.2772177419,
3941,-0.0252016129,
3942.75,-0.2268145161,
3944.5,-0.07560483871,
3946.25,-0.2772177419,
3948,-0.2268145161,
3949.75,-0.2772177419,
3951.5,-0.2772177419,
3953.25,-0.2268145161,
3955,-0.3276209677,
3956.75,-0.2268145161,
3958.5,-0.2268145161,
3960.25,-0.2268145161,
3962,-0.1764112903,
3963.75,-0.2772177419,
3965.5,-0.07560483871,
3967.25,-0.1764112903,
3969,-0.2268145161,
3970.75,-0.2772177419,
3972.5,-0.3780241935,
3974.25,-0.4788306452,
3976,-0.2772177419,
3977.75,-0.2772177419,
3979.5,-0.1260080645,
3981.25,-0.0252016129,
3983,-0.3780241935,
3984.75,-0.1764112903,
3986.5,-0.07560483871,
3988.25,-0.3780241935,
3990,-0.1764112903,
3991.75,-0.07560483871,
3993.5,-0.1764112903,
3995.25,-0.07560483871,
3997,-0.2268145161,
3998.75,-0.1764112903,
4000.5,0.0252016129,
4002.25,0.1764112903,
4004,-0.3276209677,
4005.75,-0.07560483871,
4007.5,-0.07560483871,
4009.25,-0.3276209677,
4011,-0.1260080645,
4012.75,-0.3780241935,
4014.5,-0.1260080645,
4016.25,-0.1764112903,
4018,-0.1764112903,
4019.75,-0.1260080645,
4021.5,-0.529233871,
4023.25,-0.3276209677,
4025,-0.2772177419,
4026.75,-0.2268145161,
4028.5,-0.1764112903,
4030.25,-0.2268145161,
4032,-0.07560483871,
4033.75,0.0252016129,
4035.5,-0.1260080645,
4037.25,-0.2268145161,
4039,-0.2268145161,
4040.75,0.0252016129,
4042.5,0.0252016129,
4044.25,-0.1764112903,
4046,-0.1764112903,
4047.75,-0.2772177419,
4049.5,-0.2268145161,
4051.25,-0.07560483871,
4053,0.07560483871,
4054.75,-0.4788306452,
4056.5,-0.0252016129,
4058.25,-0.4284274194,
4060,-0.1764112903,
4061.75,-0.1260080645,
4063.5,-0.3276209677,
4065.25,-0.2268145161,
4067,-0.2772177419,
4068.75,-0.0252016129,
4070.5,-0.3780241935,
4072.25,-0.7308467742,
4074,-0.2268145161,
4075.75,-0.4788306452,
4077.5,-0.07560483871,
4079.25,-0.2268145161,
4081,-0.07560483871,
4082.75,-0.4788306452,
4084.5,-0.1260080645,
4086.25,-0.2268145161,
4088,-0.1260080645,
4089.75,-0.1764112903,
4091.5,-0.1260080645,
4093.25,0.0252016129,
4095,-0.2268145161,
4096.75,-0.2772177419,
4098.5,-0.0252016129,
4100.25,-0.07560483871,
4102,-0.1260080645,
4103.75,-0.6300403226,
4105.5,-0.07560483871,
4107.25,-0.2772177419,
4109,-0.3276209677,
4110.75,-0.07560483871,
4112.5,-0.1260080645,
4114.25,-0.3276209677,
4116,-0.3276209677,
4117.75,-0.3276209677,
4119.5,-0.07560483871,
4121.25,-0.1260080645,
4123,-0.1260080645,
4124.75,-0.07560483871,
4126.5,-0.07560483871,
4128.25,-0.1260080645,
4130,-0.529233871,
4131.75,-0.3276209677,
4133.5,-0.2772177419,
4135.25,-0.3276209677,
4137,-0.2268145161,
4138.75,-0.3276209677,
4140.5,-0.2268145161,
4142.25,0.0252016129,
4144,-0.3276209677,
4145.75,-0.07560483871,
4147.5,-0.1764112903,
4149.25,-0.1260080645,
4151,-0.1260080645,
4152.75,-0.07560483871,
4154.5,-0.3276209677,
4156.25,-0.07560483871,
4158,-0.2268145161,
4159.75,-0.0252016129,
4161.5,-0.2268145161,
4163.25,-0.3780241935,
4165,0.1764112903,
4166.75,-0.0252016129,
4168.5,-0.0252016129,
4170.25,0.1764112903,
4172,-0.07560483871,
4173.75,-0.1764112903,
4175.5,-0.2772177419,
4177.25,-0.1764112903,
4179,-0.07560483871,
4180.75,-0.2772177419,
4182.5,-0.1764112903,
4184.25,-0.1260080645,
4186,-0.1764112903,
4187.75,-0.07560483871,
4189.5,-0.07560483871,
4191.25,-0.2268145161,
4193,-0.3276209677,
4194.75,-0.2772177419,
4196.5,-0.3780241935,
4198.25,-0.1764112903,
4200,-0.3276209677,
4201.75,-0.1260080645,
4203.5,-0.2772177419,
4205.25,-0.2268145161,
4207,-0.0252016129,
4208.75,-0.5796370968,
4210.5,-0.2772177419,
4212.25,-0.1764112903,
4214,-0.4284274194,
4215.75,-0.2268145161,
4217.5,-0.1260080645,
4219.25,-0.2268145161,
4221,-0.0252016129,
4222.75,-0.1764112903,
4224.5,-0.3276209677,
4226.25,-0.1764112903,
4228,-0.1260080645,
4229.75,-0.07560483871,
4231.5,-0.07560483871,
4233.25,-0.07560483871,
4235,-0.1764112903,
4236.75,-0.2268145161,
4238.5,-0.07560483871,
4240.25,-0.3780241935,
4242,-0.1764112903,
4243.75,-0.1260080645,
4245.5,-0.1260080645,
4247.25,-0.3780241935,
4249,-0.1260080645,
4250.75,-0.2268145161,
4252.5,-0.4788306452,
4254.25,-0.3276209677,
4256,-0.3780241935,
4257.75,-0.07560483871,
4259.5,-0.3780241935,
4261.25,-0.1260080645,
4263,-0.3276209677,
4264.75,-0.1764112903,
4266.5,-0.0252016129,
4268.25,-0.1260080645,
4270,-0.0252016129,
4271.75,-0.2268145161,
4273.5,-0.2268145161,
4275.25,-0.2772177419,
4277,-0.2772177419,
4278.75,-0.07560483871,
4280.5,-0.4284274194,
4282.25,-0.1260080645,
4284,-0.3780241935,
4285.75,-0.3276209677,
4287.5,-0.2268145161,
4289.25,-0.5796370968,
4291,-0.3276209677,
4292.75,-0.07560483871,
4294.5,-0.2268145161,
4296.25,-0.3780241935,
4298,-0.529233871,
4299.75,-0.1764112903,
4301.5,-0.3276209677,
4303.25,-0.2268145161,
4305,0.07560483871,
4306.75,-0.07560483871,
4308.5,-0.4284274194,
4310.25,-0.1764112903,
4312,-0.2772177419,
4313.75,-0.1764112903,
4315.5,-0.1260080645,
4317.25,-0.2772177419,
4319,-0.2268145161,
4320.75,0.0252016129,
4322.5,-0.0252016129,
4324.25,-0.07560483871,
4326,-0.2772177419,
4327.75,-0.2268145161,
4329.5,-0.2268145161,
4331.25,-0.3276209677,
4333,-0.2268145161,
4334.75,-0.1260080645,
4336.5,-0.07560483871,
4338.25,-0.1260080645,
4340,-0.07560483871,
4341.75,-0.3276209677,
4343.5,-0.0252016129,
4345.25,-0.2268145161,
4347,-0.1260080645,
4348.75,-0.07560483871,
4350.5,-0.6300403226,
4352.25,-0.2268145161,
4354,-0.2772177419,
4355.75,-0.1764112903,
4357.5,-0.1764112903,
4359.25,-0.0252016129,
4361,-0.4284274194,
4362.75,-0.4284274194,
4364.5,-0.0252016129,
4366.25,-0.3276209677,
4368,-0.0252016129,
4369.75,-0.1764112903,
4371.5,-0.1764112903,
4373.25,-0.5796370968,
